OBJECTID,FACILITYID,READERID,Latitude,Longitude,Region
1,460,bhurst-mill,43.87320889945075,-79.46450109648323,richmond-hill
2,464,aur-yng-mrk,44.00411957367128,-79.46866154564181,aurora
3,468,v-hwy7-intchng,43.792703131836376,-79.53096479545334,vaughan
4,113,mccowan-14th,43.84923346082238,-79.27967336841644,markham
5,115,14th-birchmount,43.839835990048904,-79.32035015164946,markham
6,119,woodbine-14th,43.83166810171107,-79.35336747728594,markham
7,120,dufferin-centre,43.80563683079292,-79.47459679665036,vaughan
8,283,majormackenzie-ilanramon,43.864829429444875,-79.46848429142908,vaughan
9,546,kennedy-unionvillegate,43.856122664760846,-79.30521738060607,markham
10,548,gorham_water-prospect,44.05161756029349,-79.45324451878473,newmarket
11,552,mountalbert-warden,44.11321851477212,-79.39225338126056,east-gwillimbury
12,553,woodbine-mtalbert,44.107694090295084,-79.41679416465024,east-gwillimbury
13,554,16th-dufferin,43.8426408928232,-79.48307336922193,vaughan
14,560,kennedy-buroak,43.88843842027187,-79.31658858683404,markham
15,287,highway7-wootenway,43.87786770934231,-79.24325460293272,markham
16,289,leslie-stonehaven_veteransway,44.03738175674909,-79.42511430692451,newmarket
17,290,leslie-statefarmway,44.01596130146643,-79.41988848664542,aurora
18,291,leslie-princeton_viarenzo,43.88993606598461,-79.39372032590592,richmond-hill
19,293,leslie-headford_orlando,43.86939307738049,-79.38849925721699,richmond-hill
20,295,leslie-wilmot,43.852733529604976,-79.38444428566976,richmond-hill
21,441,jane-mcintosh_pennsylvania,43.80322377687338,-79.5264266180355,vaughan
22,447,woodbine-404nb,44.19138285143025,-79.4378492337223,east-gwillimbury
23,451,majormackenzie-ninthline,43.91555708048814,-79.24407798681813,markham
24,72,bhurst-carville/ruthfrd,43.84769550930684,-79.45867133087391,vaughan
25,70,16th-yonge,43.85305010559109,-79.43304633780586,richmond-hill
26,71,16th-avenue,43.85046347430544,-79.44542539667147,richmond-hill
27,74,16th-thornhill/thomas,43.84528915301929,-79.47026442590065,vaughan
28,76,woodbine-church,44.247958593957804,-79.45215797574278,georgina
29,79,woodbine-biscayne,44.22519074734822,-79.44654457829121,georgina
30,80,woodbine-glenwoods,44.2168094598762,-79.44440352736525,georgina
31,81,woodbine-hillmount_rodick,43.87678042502506,-79.36493573635524,markham
32,307,kennedy-aurora,44.02712960288945,-79.34593607687155,whitchurch-stouffville
33,308,aurora-warden,44.02167450805695,-79.36979949568902,whitchurch-stouffville
34,309,woodbine-aurora,44.016066728782405,-79.39526207983536,whitchurch-stouffville
35,503,16th-400nb,43.82865498702392,-79.54287379212685,vaughan
36,500,16th-jane,43.830911654754345,-79.53269245865647,vaughan
37,506,aur-stjsr-pkw,44.02011465991084,-79.46245180012282,aurora
38,507,aur-yng-stjsr,44.01800102999598,-79.47192604145076,aurora
39,508,stjohnssdrd-bathurst,44.012546201833686,-79.49840854740208,aurora
40,509,dufferin-15thsdrd,43.95218494032932,-79.50923217804915,king-township
41,87,woodbine-oldhomestead,44.25528907938864,-79.45401575406673,georgina
42,88,metro-simcoe,44.24110807866672,-79.47462017671357,georgina
43,89,woodbine-queensville,44.14409033475334,-79.425963955672,east-gwillimbury
44,90,leslie-queensville,44.13879054112519,-79.45057974064179,east-gwillimbury
45,91,queensvillesdrd-2ndconcession,44.13305731615313,-79.47488300455747,east-gwillimbury
46,92,woodbine-morton_pollock,44.236967350580365,-79.44947156373446,georgina
47,94,bloomington-warden,43.98501821754118,-79.36145820596167,whitchurch-stouffville
48,95,jane-langstaff,43.81250758523128,-79.52845402049891,vaughan
49,320,yonge-bonshaw_london,44.064421953920515,-79.4827397881863,newmarket
50,317,majormackenzie-donaldcousens,43.9124506468612,-79.25789479432703,markham
51,318,highway48-majormackenzie,43.909951662270736,-79.26814096277104,markham
52,319,majormackenzie-mccowan,43.90358739201153,-79.29323946691926,markham
53,408,majormackenzie-mcnaughtone_peterrupert,43.85855037222968,-79.49881448700863,vaughan
54,414,hwy7-rodick,43.852500061861925,-79.34609033515258,markham
55,418,king-weston,43.91780213563994,-79.57795543749107,king-township
56,422,majormackenzie-essex_newkirk,43.87405649639706,-79.42461571963167,richmond-hill
57,101,leslie-mtalbert_civiccentre,44.10237589180999,-79.44125098283756,east-gwillimbury
58,100,highway7-bakerdale_robinson,43.8702350758961,-79.2723040854166,markham
59,103,mountalbert-2ndconcession,44.10038461325953,-79.46618194917865,east-gwillimbury
60,107,14th-boxwood_roxbury,43.85804629822265,-79.24457017193949,markham
61,111,14th-middlefield,43.852075035436954,-79.26786581279507,markham
62,333,dufferin-langstaff,43.82409672449705,-79.47853639693074,vaughan
63,339,weston-ashberry_davos,43.83441717901018,-79.55826433220408,vaughan
64,342,aur-well-byvw,44.00506593936246,-79.44383251293287,aurora
65,344,aur-well-pkw,44.00204486344801,-79.45678164056451,aurora
66,345,lloydtown-weston,43.99813444634084,-79.59732677008017,king-township
67,459,ravenshoe-warden,44.20422657081792,-79.41437936894766,east-gwillimbury
68,456,bview-proctor,43.80975691872708,-79.39901864728127,markham
69,516,donmills-simonstons,43.81409401541423,-79.36201900773919,markham
70,520,king-dufferin,43.93398004047543,-79.50503336340087,king-township
71,130,jane-kingvaughan,43.904918430896274,-79.54971349664314,vaughan
72,134,warden-14th_alden,43.83768850586123,-79.3292148209636,markham
73,136,leslie-john,43.82232689815415,-79.3700808247477,markham
74,137,bview-john,43.818630374593106,-79.4011144105132,markham
75,139,bhurst-centre,43.810880137219876,-79.44993117778215,vaughan
76,853,aurora-dufferin,44.0072919168731,-79.52222820236129,king-township
77,855,aur-yng-well,43.99966465853234,-79.46758452297009,aurora
78,857,majormackenzie-pinevalley,43.83968976969001,-79.58630602918308,vaughan
79,637,teston-weston,43.86304780540474,-79.5647991895794,vaughan
80,644,bloomington-mccowan,43.99575222239455,-79.31192285462217,whitchurch-stouffville
81,645,kennedy-bloomington,43.99033324512661,-79.33703884380563,whitchurch-stouffville
82,646,teston-dufferin,43.879352604263225,-79.4917906090283,vaughan
83,9,woodbine-applecreek,43.856822814716885,-79.35990870803786,markham
84,145,majormackenzie-ridgecrest,43.900810632459724,-79.30465653034432,markham
85,153,jane-cunningham_tierra,43.8570933742321,-79.53830199703224,vaughan
86,159,aur-yng-pkw,43.98088132438248,-79.4630358595072,aurora
87,18,v-hwy7-jane,43.79414906369276,-79.52450988299043,vaughan
88,16,v-hwy7-keele,43.80034226700874,-79.49942682679874,vaughan
89,17,v-hwy7-credit,43.79571992713973,-79.51778158890029,vaughan
90,20,16th-wdbine,43.86792762715232,-79.36277616708047,markham
91,42,queensway-metro_morton,44.23366633596624,-79.46547958035549,georgina
92,44,mccowan-denison,43.84153084724706,-79.27795507994944,markham
93,45,kennedy-denison,43.83445115568485,-79.3044133060179,markham
94,46,warden-denison,43.82747811836573,-79.32653122406208,markham
95,61,16th-leslie,43.86248006004211,-79.38692704750044,richmond-hill
96,63,16th-spadina/valleymede,43.86036786386958,-79.39608183134507,richmond-hill
97,65,bview-16th,43.8578103182872,-79.41102548893255,richmond-hill
98,160,aur-yng-kndy,43.994127403635865,-79.46623047862532,aurora
99,165,woodbine-vivian,44.05282180736241,-79.40336133688018,whitchurch-stouffville
100,168,bhurst-nerisrael,43.84014309679974,-79.45699071293853,vaughan
101,169,leslie-mulock,44.047483753256024,-79.42739468905489,newmarket
102,171,weston-langstaff,43.80794184197334,-79.55187449212204,vaughan
103,22,16th-404nbr,43.86591374965039,-79.37267950504226,markham
104,23,16th-404sbr,43.86468660238236,-79.37739211729647,richmond-hill
105,580,aur-well-had,43.99782391861978,-79.47603807272864,aurora
106,577,majormackenzie-markland,43.884690866109864,-79.37321136956974,markham
107,584,wellington-dufferin,43.989145241511125,-79.51787425668861,king-township
108,586,stouffville-mccowan,43.95885704754697,-79.30355685797339,whitchurch-stouffville
109,587,kennedy-stouffville,43.953246503051915,-79.32950007043702,whitchurch-stouffville
110,589,majormackenzie-400sb,43.846388104539606,-79.55089402365493,vaughan
111,595,leslie-bloomington,43.97322949604358,-79.41047919682825,richmond-hill
112,596,bayview-bloomington,43.967967082510526,-79.43532688510776,richmond-hill
113,2,keele-mcnaughton,43.86101127753973,-79.51380297265379,vaughan
114,14,yonge-meadowview_autocomplexentrance,43.80183442853898,-79.42108408951417,markham
115,33,keele-rivermede,43.80870103810617,-79.5014727176522,vaughan
116,602,bhurst-elginmillse,43.884116423597,-79.4673753346529,richmond-hill
117,603,majormackenzie-weston,43.844852593196975,-79.56060031548645,vaughan
118,605,majormackenzie-vellore_poetry,43.84264609122236,-79.57158186848586,vaughan
119,811,leslie-wellington,44.01076444538415,-79.41879372779503,aurora
120,812,majormackenzie-boaketrail_shirley,43.87829084430163,-79.4004951396265,richmond-hill
121,814,bview-willowbrook,43.828141132003324,-79.40347968381722,markham
122,816,majormackenzie-harding_trench,43.86874267532086,-79.44887749983087,richmond-hill
123,817,woodbine-elginmillse,43.90271254949395,-79.37800229630751,markham
124,821,leslie-elginmills,43.89854930089519,-79.39582226157513,richmond-hill
125,607,islington-majormackenzie,43.83245408920205,-79.61762647768334,vaughan
126,608,woodbine-greenlanee_herald,44.08930170208941,-79.41200584669868,east-gwillimbury
127,610,leslie-greenlanee_herald,44.084180275268594,-79.43660353325298,east-gwillimbury
128,612,dufferin-autumnhill_tenoaks,43.835833398799245,-79.48147165016118,vaughan
129,616,bhurst-clarkew,43.80354831488062,-79.44841567557371,vaughan
130,824,dufferin-district_marcsanti,43.846229471738546,-79.48389556752417,vaughan
131,631,king-jane,43.92279898101532,-79.55403090632072,king-township
132,844,leslie-gorham,44.05685725397618,-79.42964399317344,newmarket
133,845,yonge-joepersechini_savage_s,44.026614873406686,-79.4738632154029,newmarket
134,29,jane-locke_comment,43.82370607152738,-79.53094416316578,vaughan
135,27,jane-springside_canadaswonderland,43.83840987540638,-79.53426245418943,vaughan
136,188,dufferin-viceroy,43.78891897715475,-79.47048316946648,vaughan
137,349,yonge-mulock,44.036295676113944,-79.47603789388461,newmarket
138,486,woodbine-bloomington,43.97923512251308,-79.38646603894328,whitchurch-stouffville
139,490,woodbine-davis,44.0711415774741,-79.40747946503589,whitchurch-stouffville
140,491,davis-404nb,44.06885216321517,-79.41824434617861,whitchurch-stouffville
141,492,16th-confed/peterrupert,43.84074426288213,-79.49224850692704,vaughan
142,496,16th-keele,43.836461155082446,-79.50806628404366,vaughan
143,499,16th-creditstone/melville,43.83346656870941,-79.5220488879996,vaughan
144,270,weston-avivapark,43.777575647497805,-79.5448294254107,vaughan
145,271,lloydtown-janencurve,44.00555240354445,-79.57347193113438,king-township
146,272,majormackenzie-400nb,43.84730012120233,-79.54650222431779,vaughan
147,274,weston-astona,43.82094516629252,-79.55498461414298,vaughan
148,277,weston-carlauren_chancellor,43.79851954737768,-79.5496371150153,vaughan
149,280,dufferin-kingvaughan,43.91566729691261,-79.500673268629,vaughan
150,353,hwy7-woodbine,43.84991640546268,-79.35803263871311,markham
151,366,leslie-majormackenzie,43.8804898156098,-79.39155112946584,richmond-hill
152,364,stouffville-warden,43.946909369645155,-79.35696677887577,whitchurch-stouffville
153,365,woodbine-stouffville,43.941843664645845,-79.37913300231884,whitchurch-stouffville
154,370,bview-majormace,43.87605478885443,-79.41546458953803,richmond-hill
155,379,woodbine-ravenshoe,44.19870430564408,-79.43968152296054,east-gwillimbury
156,380,leslie-ravenshoe,44.19329190950707,-79.46438583240743,east-gwillimbury
157,382,davis-warden,44.07685570249041,-79.38309611496493,whitchurch-stouffville
158,190,kennedy-elginmills,43.91565722215628,-79.32365556137897,markham
159,192,bhurst-hwy7connect,43.832067685695684,-79.45482150442635,vaughan
160,197,bhurst-flamingo,43.822367071152094,-79.45282565939773,vaughan
161,201,bayview-mulock,44.041245889668865,-79.45196014425404,newmarket
162,205,keele-majormackenzie,43.85488114431231,-79.51237582169009,vaughan
163,394,leslie-stouffvillew,43.936386577165635,-79.40541491766442,richmond-hill
164,395,stouffville-bayview,43.93106763706872,-79.42871996031941,richmond-hill
165,405,bhurst-majormacw,43.86590288716314,-79.46278303946306,richmond-hill
166,54,highway48-highst,44.29841262886703,-79.35126010830228,georgina
167,58,highway7-main_markham,43.873945405912195,-79.25983245887699,markham
168,85,highway48-hooverpark,43.95670238762327,-79.27931818507696,whitchurch-stouffville
169,407,majormackenzie-dufferin,43.86121821347927,-79.48752057173924,vaughan
170,206,majormackenzie-avro_mcnaughton,43.85184024442226,-79.52724045386339,vaughan
171,210,hwy7-warden,43.85575306819587,-79.33392057008943,markham
172,220,highway7-bullock_markhammewsplaza,43.86544972106087,-79.29187398880526,markham
173,221,kennedy-highway7,43.86271060948838,-79.30373317632811,markham
174,473,bathurst-mulock,44.03181221064493,-79.49634655927292,newmarket
175,484,hwy7-hwy404sb,43.8470026652059,-79.3708824895921,richmond-hill
176,226,hwy7-valleymede,43.8422176013798,-79.39176506746058,markham
177,224,highway7-birchmount_villagepkwy,43.85793924262509,-79.32458779089697,markham
178,225,hwy7-leslie,43.844385886719934,-79.3823094902684,markham
179,229,hwy7-bayviewconn,43.83996435087413,-79.40971103196094,richmond-hill
180,232,hwy7-yonge-cxn,43.837365408136506,-79.42519153565854,richmond-hill
181,233,hwy7-hunterspoint,43.831882722444426,-79.43957517261165,vaughan
182,234,hwy7-bathurstconn,43.829892686906675,-79.45102662061161,vaughan
183,235,v-hwy7-duffrn,43.82324325622879,-79.47206484440422,vaughan
184,534,davis-crosslandgate_fordwilson,44.05125354993039,-79.49702260874926,newmarket
185,531,davis-404sb,44.067881709165185,-79.42265286268335,newmarket
186,535,davis-bathurst,44.04918666756668,-79.50622781633726,newmarket
187,537,weston-rutherford-rd,43.82617505845694,-79.55621139331606,vaughan
188,237,hwy7-centre/rivermede,43.80648109746454,-79.48257538770707,vaughan
189,241,queensway-glenwoods,44.21230222299371,-79.46499586316051,georgina
190,244,leslie-elginst,44.073616406783785,-79.43388495672308,newmarket
191,246,majormackenzie-jane,43.84951436882537,-79.53663985772543,vaughan
192,252,highway7-mccowan,43.867182134310795,-79.2845095164361,markham
193,424,yonge-majormackenzie,43.87125819326059,-79.43724301455865,richmond-hill
194,426,v-hwy7-weston,43.78940256172442,-79.54747453942815,vaughan
195,257,kennedy-carlton,43.87003867571503,-79.3051270352036,markham
196,255,yonge-eagle,44.04544456199496,-79.47816269931927,newmarket
197,260,19th-bayview,43.911111036699396,-79.4241851273184,richmond-hill
198,266,highway7-donaldcousenspkwy,43.88251846861792,-79.21438549860214,markham
199,651,kennedy-clayton,43.82767303050336,-79.30790357939478,markham
200,652,bhurst-townsgate,43.79439539078339,-79.44620575916339,vaughan
201,656,bayview-silkenlaumann_stonehaven,44.03345484880922,-79.45016713802819,newmarket
202,660,bayview-hollandviewtrail_springfarm,44.01556070607686,-79.44616599137329,aurora
203,664,bayview-vandorf,43.986589891799184,-79.43957547300559,aurora
204,665,bayview-balliol_oldcolony,43.93996532091412,-79.42951903987148,richmond-hill
205,888,jane-kirby,43.88623134031472,-79.54508751800336,vaughan
206,889,weston-kirby,43.88162437247578,-79.56908346021392,vaughan
207,667,bview-crosby,43.88522463640134,-79.41770524720381,richmond-hill
208,671,bview-weldricke,43.868803168784055,-79.4137283636252,richmond-hill
209,673,mccowan-16th,43.88524350960581,-79.28890411931413,markham
210,675,woodbine-honda,43.910259746586,-79.37825661134345,markham
211,677,woodbine-bettyroman,43.89698058601255,-79.37877626039933,markham
212,713,davis-main,44.0591437847286,-79.46119696115085,newmarket
213,718,yonge-davis,44.054854983268555,-79.48033124237404,newmarket
214,739,mccowan-elson_gillingham,43.83521470758493,-79.27629342865644,markham
215,740,warden-baycliffe_carlton,43.86752869010884,-79.33700007994949,markham
216,744,kennedy-16th,43.87945742503854,-79.31427661761174,markham
217,681,mccowan-buroak,43.894746957150815,-79.29115705978668,markham
218,683,mccowan-carlton_raymervilledrs,43.877058596432185,-79.28693493964926,markham
219,690,mccowan-elginmills,43.92163934542839,-79.29747977330463,markham
220,694,weston-canada,43.85550715057685,-79.56305474065199,vaughan
221,701,27-majormackenziew,43.82463043982406,-79.63124616856079,vaughan
222,703,teston-jane,43.868466688017975,-79.5410109166876,vaughan
223,705,jane-407station_cemetery,43.78230873517964,-79.52158173206196,vaughan
224,707,leslie-davis,44.065794345072554,-79.43191572783864,newmarket
225,709,davis-alexander_huronheights,44.06285845550346,-79.44484946189431,newmarket
226,711,davis-lundyslane_prospectst,44.06070527699494,-79.45425892811232,newmarket
227,751,16th-rodick,43.87010194988049,-79.35256419553957,markham
228,748,16th-warden,43.87396360805544,-79.33868841729671,markham
229,753,dufferin-kirby,43.89738226785148,-79.49617803424442,vaughan
230,755,bview-elginmillse,43.89360742357982,-79.41980239895933,richmond-hill
231,762,bhurst-weldrickw,43.85486449412136,-79.46031032912167,richmond-hill
232,764,greenlane_millerssdrd-bathurst,44.06740143092704,-79.51082551718414,east-gwillimbury
233,770,majormackenzie-404nb,43.88366520154781,-79.37791128018586,richmond-hill
234,771,majormackenzie-404sb,43.88282422273795,-79.38172370435358,richmond-hill
235,778,warden-commercialplazaentrance,43.822113580502084,-79.3250969721181,markham
236,780,warden-elginmills,43.91022772948432,-79.3478380252671,markham
237,786,davis-jane,44.03239569244841,-79.57965808159284,king-township
238,792,14th-beckonridge_brimley,43.84584752001407,-79.29451501525209,markham
239,797,woodbine-idema_chimoinn,43.81665015048408,-79.3493562956557,markham
240,800,kennedy-14th,43.843496716731394,-79.30490506988723,markham
241,802,dufferin-clark,43.79721524347141,-79.47253521807946,vaughan
242,109,markham-14th,43.856159305526525,-79.25565633791545,markham
243,138,yonge-centre_thornhillsummitway,43.8163394647877,-79.42447878591679,markham
244,804,aur-yng-orch,44.008980891747115,-79.46983293092103,aurora
245,806,hwy7-thornhill,43.82598099389714,-79.46398622136611,vaughan
246,808,lloydtown-janescurve,43.99610234205928,-79.57133265093968,king-township
247,565,yonge-greenlane,44.07290718138975,-79.48482075988053,east-gwillimbury
248,563,greenlane-2ndconcession,44.07831806816058,-79.46038549121482,east-gwillimbury
249,569,bview-bantry,43.84800239314978,-79.4086295551933,richmond-hill
250,570,kennedy-majormackenzie,43.897617570900834,-79.31885479339506,markham
251,571,majormackenzie-angusglene,43.89424270570523,-79.33392055917808,markham
252,573,majormackenzie-warden,43.892306370219366,-79.34329684696587,markham
253,574,majormackenzie-hazelton_richardperson,43.88724042885394,-79.36167049381379,markham
254,575,woodbine-majormackenzie,43.885940755816485,-79.36724821789792,markham
255,162,yonge-weldrick,43.860256761162326,-79.4347143807779,richmond-hill
256,167,bathurst-kingvaughan,43.92091028271251,-79.47664544900223,richmond-hill
257,174,16th-highway48_main,43.89198459644109,-79.26406330524703,markham
258,181,yonge-gamble_19th,43.90786713873386,-79.44579446971511,richmond-hill
259,189,highway48-elginmills,43.92774087993953,-79.27244381286263,markham
260,199,mulock-collegemanordre_fernbank,44.0451616353727,-79.43784853770333,newmarket
261,203,mulock-canepkwy,44.03896620047654,-79.46410910808247,newmarket
262,208,highway48-vivian,44.075082727447395,-79.30598308071666,whitchurch-stouffville
263,282,keele-kingvaughan,43.910729847021486,-79.52325685213233,vaughan
264,299,yonge-brookside_silverwood,43.89866797465524,-79.44361301382447,richmond-hill
265,304,yonge-bantry_scott,43.846613829192165,-79.43115994374416,richmond-hill
266,326,stouffville-404nb,43.94029085486772,-79.38778119351137,richmond-hill
267,336,yonge-blackforest_worthington,43.95499563169343,-79.45705856316361,richmond-hill
268,347,highway48-aurora,44.03787332103234,-79.29726392835624,whitchurch-stouffville
269,350,mulock-columbusway_doubletreelane,44.034809279111265,-79.48261589051081,newmarket
270,374,keele-accessrdcommercialentrance,43.783297733217374,-79.49498458650058,vaughan
271,381,highway48-davis,44.09340998357799,-79.31005976094565,whitchurch-stouffville
272,392,stouffville-404sb,43.9399843954284,-79.39165971253908,richmond-hill
273,396,yonge-stouffville,43.92609160512278,-79.45044794346602,richmond-hill
274,458,highway48-ravenshoe,44.221305328270724,-79.3369630515444,east-gwillimbury
275,489,bathurst-humberland,43.950644820338105,-79.48394640789903,richmond-hill
276,510,bathurst-woodspring,44.05480467528975,-79.50755271951923,newmarket
277,517,yonge-king,43.94460510675888,-79.45468153699976,richmond-hill
278,519,king-bathurst,43.938939987082364,-79.4814349538952,king-township
279,524,keele-king,43.92870637575731,-79.52821837022155,king-township
280,530,keele-langstaff,43.81860494251865,-79.50392894980162,vaughan
281,543,yonge-clark,43.80714821046859,-79.42237432188669,vaughan
282,585,highway48-stouffville,43.96384152952413,-79.28087100974234,whitchurch-stouffville
283,597,yonge-bloomington,43.962983181584704,-79.45882961063349,richmond-hill
284,598,yonge-elginmills,43.88960278968568,-79.44148882686886,richmond-hill
285,618,gamble_kirby-bathurst,43.90244790310933,-79.47180998585088,richmond-hill
286,619,keele-kirby,43.89176304171574,-79.5209026381512,vaughan
287,624,highway11_yonge-morningsdrd_yonge,44.08241968913472,-79.48774216246547,east-gwillimbury
288,626,bloomington-bloomfieldtrail,43.960313049061135,-79.47126805280423,richmond-hill
289,635,yonge-crosby,43.88013139092806,-79.43930452636471,richmond-hill
290,647,keele-teston,43.87339842792252,-79.51656745653146,vaughan
291,680,bathurst-bloomington,43.95748572825044,-79.48555414380475,aurora
292,685,highway48-herald,44.11157787796555,-79.31517402143244,east-gwillimbury
293,706,bathurst-kingshill,43.931350842029644,-79.47951156759437,king-township
294,721,bathurst-shaftsbury_woodland,43.89416700456552,-79.4696994090503,richmond-hill
295,724,markham-elson,43.84053807359279,-79.25191400363363,markham
296,790,bathurst-towerhill,43.913338651779966,-79.47444272485174,richmond-hill
297,799,keele-knightswood,43.84559597803339,-79.51028176604962,vaughan
298,801,keele-15thsdrd,43.946776224835716,-79.53304378696865,king-township
299,815,highway48-mountalbert,44.12857206057543,-79.32010848403206,east-gwillimbury
300,818,elginmills-404nb,43.9017983848977,-79.38203640148369,richmond-hill
301,819,elginmills-404sb,43.900556922781,-79.38753992435848,richmond-hill
302,860,markham-golden_newdelhi,43.84775966793449,-79.25362727556613,markham
303,882,highway11-bathurst,44.10496462324626,-79.51938807539143,east-gwillimbury
304,885,highway7-newhuntington,43.76854061062425,-79.64139755171209,vaughan
305,783,rutherford-pinevalley,43.82114432447227,-79.58213013076305,vaughan
306,779,pinevalley-chancellor_willis,43.794783660966615,-79.57582373982521,vaughan
307,767,islington-napavalley,43.826018182568795,-79.60933891763013,vaughan
308,726,highway27-martingrove,43.80017451777469,-79.62844620506934,vaughan
309,638,highway27-nashville,43.84351808401433,-79.633482464044,vaughan
310,540,islington-davidson_willis,43.79216647722723,-79.58465868646283,vaughan
311,539,rutherford-saintclare_velmar,43.82408783904637,-79.56784534884707,vaughan
312,504,rutherford-400sb,43.8277634119054,-79.54811233523307,vaughan
313,482,highway27-ashbridge_zenway,43.77728582959523,-79.62251523973595,vaughan
314,477,highway27-rutherford,43.810927810979024,-79.62901522724518,vaughan
315,476,rutherford-napavalley_vaughanmillsrd,43.8133743590086,-79.61642610813328,vaughan
316,471,islington-rutherford,43.81704562090523,-79.6002220438361,vaughan
317,438,highway7-highway27,43.773144994014984,-79.62153624960001,vaughan
318,436,highway7-martingrove,43.77589302769651,-79.60937128971803,vaughan
319,434,highway7-kipling,43.77868901285779,-79.59726485923154,vaughan
320,433,highway7-islington,43.780611097953184,-79.58929733397824,vaughan
321,417,king-400sb,43.92008793126105,-79.5680448452999,king-township
322,416,highway27-dongaraaccessrd_torontorvrd,43.7626694791249,-79.61841249582292,vaughan
323,329,pinevalley-hanlon_vinyl,43.76780909015882,-79.56742384648422,vaughan
324,311,aurora-404sb,44.01322728569428,-79.40887740521694,aurora
325,310,aurora-404nb,44.01422447690544,-79.40447364945719,whitchurch-stouffville
326,258,king-400nb,43.92092871953512,-79.5640580286346,king-township
327,176,islington-langstaff,43.80331272515648,-79.5850231892069,vaughan
328,175,pinevalley-langstaff,43.802513975452555,-79.57776835698512,vaughan
329,105,highway27-langstaff,43.79142869856816,-79.62614578446494,vaughan
330,93,langstaff-conniecres_spinnaker,43.82134529549328,-79.4910291436037,vaughan
331,98,langstaff-400nb,43.80962362648377,-79.5421940507353,vaughan
332,129,highway9-highway27,44.01104177593547,-79.67856940123299,king-township
333,148,highway9-400nb,44.02977599129482,-79.59286271661462,king-township
334,149,highway9-400sb,44.02889744269893,-79.59666824771669,king-township
335,173,langstaff-ansleygrove,43.80529574397785,-79.56468344711006,vaughan
336,346,lloydtown-highway27,43.992729122092896,-79.67423607064029,king-township
337,419,king-highway27,43.90218256327971,-79.65269605298352,king-township
338,442,highway27-mactaggart_parkheightstrail,43.91208837172368,-79.65490464625746,king-township
339,609,greenlane-404nb,44.08752522701955,-79.42136223523346,east-gwillimbury
340,686,highway27-kirby,43.86553205587616,-79.64405844948577,vaughan
341,798,greenlane-404sb,44.08651237072903,-79.42578731194959,east-gwillimbury
342,127,ninthline-tiersgate_whitehill,43.89455681396938,-79.2387812150855,markham
343,286,highway7-ninthline,43.87885563412706,-79.23483545201532,markham
344,362,ninthline-16th,43.89771664660842,-79.2395732105504,markham
345,480,mulock-404nb,44.05039412437337,-79.41435342063242,whitchurch-stouffville
346,636,teston-cityview,43.86466660788533,-79.55483546170376,vaughan
347,704,teston-400nb,43.86549750764196,-79.5510231943892,vaughan
348,760,ninthline-cornellpark,43.88854118977678,-79.23729144582455,markham
349,102,leslie-farr,44.10598965836979,-79.4421254847828,east-gwillimbury
350,106,boxgrovebypass-14th,43.8609366431238,-79.22437395631866,markham
351,117,woodbine-burncrest_miller,43.837650590934146,-79.35495785455535,markham
352,121,boxgrove-coppercreek,43.8653141050877,-79.22891667678135,markham
353,123,ninthlines-main,43.96912025383169,-79.25691193047687,whitchurch-stouffville
354,124,ninthline-hooverpark,43.96231254795387,-79.2552624485739,whitchurch-stouffville
355,125,donaldcousenspkwy-ninthline,43.90520319068641,-79.24083864748043,markham
356,132,woodbine-denison,43.82209952551448,-79.35079128025332,markham
357,135,woodbine-esnapark_john,43.82529641644571,-79.35163160805998,markham
358,141,centre-newwestminster,43.80941732460211,-79.45732347002881,vaughan
359,157,yonge-uplands,43.827192104981435,-79.42702759598416,markham
360,158,yonge-jeffersonforest_towerhill,43.91405233850349,-79.44730600428511,richmond-hill
361,170,16th-mintleafgate_swanlakeblvd,43.89520457536572,-79.25028028588433,markham
362,43,markham-denison,43.84443229630069,-79.2528258235547,markham
363,222,highway7-mainst_unionville,43.86166072631209,-79.30936285314203,markham
364,324,mountalbert-yonge,44.095511328361354,-79.49010145792671,east-gwillimbury
365,331,16th-buroak,43.89896213607664,-79.23141463285182,markham
366,341,wellington-mavrinac_stronach,44.00749244268388,-79.43335941618545,aurora
367,357,yonge-garden,43.839256998623924,-79.42971327456348,richmond-hill
368,390,bayview-creswick_highway7ramp,43.84263358167477,-79.40726908166222,richmond-hill
369,393,leslie-stouffvillee,43.937700373042574,-79.40280526383877,richmond-hill
370,402,yonge-john,43.8142641928115,-79.42402692676684,vaughan
371,264,highway7-yorkdurhamline,43.89917470137189,-79.18977559694596,markham
372,284,langstaff-huntington,43.78651329263395,-79.65105005208122,vaughan
373,298,leslie-commercevalley,43.83943485542642,-79.3809848088312,markham
374,178,16th-mingay_stonemason,43.889151583851806,-79.27358990705197,markham
375,513,leslie-greenlane_summerdale,43.831398576538675,-79.37644752467216,markham
376,526,highway7-400nb_applewood,43.7917519494762,-79.53671650870278,vaughan
377,527,highway7-400sb_colossus,43.79083870844563,-79.54150585089296,vaughan
378,532,davis-harrywalker,44.06718533692885,-79.42663210995184,newmarket
379,544,yonge-royal_orchard,43.82280954968214,-79.42597921274381,markham
380,599,elginmills-regent_shaftsbury,43.8622128594277,-79.21640712094938,markham
381,428,highway7-ansleygrove_whitmore,43.78762613078754,-79.55607789966501,vaughan
382,430,highway7-pinevalley,43.78417937699394,-79.57310521134393,vaughan
383,431,highway7-helen_wigwoss,43.78273406125842,-79.57970065439036,vaughan
384,444,teston-cranstonpk,43.870457404227025,-79.52952930209342,vaughan
385,454,ninthline-elginmills,43.93320059385506,-79.24844642957817,markham
386,462,yonge-oakridgesmoraine,43.93512118411951,-79.4535516767467,richmond-hill
387,472,donaldcousenspkwy-16th,43.90085073889456,-79.21770968420776,markham
388,479,bathurst-henderson_16thsdrd,43.97565447326028,-79.49000022836049,aurora
389,481,mulock-harrywalker,44.048676936193736,-79.42199371608815,newmarket
390,684,mccowan-bullock,43.8727858097725,-79.2858921718148,markham
391,758,elginmills-newkirk,43.89194015206324,-79.43161660762875,richmond-hill
392,773,warden-enterprise,43.8485242376234,-79.33193770858564,markham
393,791,14th-donaldcousensparkway,43.86232744164803,-79.21602361830304,markham
394,827,dalton-high,44.30442901069856,-79.36284888198287,georgina
395,831,ninthline-19th,43.950881430300235,-79.25266480178256,markham
396,858,greenlane-harrywalker,44.085420149087206,-79.43056599925261,east-gwillimbury
397,700,teston-viaramano,43.88117634040308,-79.48159970973373,vaughan
398,702,dufferin-raccopkwy,43.81323661259016,-79.47608729693562,vaughan
399,715,davis-longford_parkside,44.05669841114505,-79.4720567356343,newmarket
400,735,mccowan-southunionville,43.86065026506991,-79.28313720375165,markham
401,743,16th-shorthill_thebridlewalk,43.88283540879378,-79.29940113911395,markham
402,746,16th-normandale_yorkdownsgolfclub,43.8766835429176,-79.32677235305536,markham
403,630,donaldcousenspkwy-boxgrovebypass,43.857281991397265,-79.219935091292,markham
404,641,bloomington-yorkdurhamline,44.01399494190412,-79.23817374226182,whitchurch-stouffville
405,642,bloomington-ninthline,44.00641872350775,-79.26421374230878,whitchurch-stouffville
406,648,aurora-ramforest,44.01808867410641,-79.38599391019531,whitchurch-stouffville
407,487,bloomington-404sb,43.977188742468726,-79.39507556691179,richmond-hill
408,852,bloomington-404nb,43.97821824737389,-79.39071478754295,whitchurch-stouffville
409,866,main-sandale_sandiford,43.96607850291037,-79.2705986929434,whitchurch-stouffville
410,870,main-market_mill,43.97131271091344,-79.24705936177588,whitchurch-stouffville
411,873,main-tenthlines,43.97467276724285,-79.23205043532208,whitchurch-stouffville
412,890,elginmills-regent_shaftsbury,43.8875231833062,-79.45211475939419,richmond-hill
413,891,weston-kingvaughan,43.899798282947025,-79.5732534559222,vaughan
414,892,kennedy-19th,43.93380672746593,-79.32813617376189,markham
415,893,warden-19th,43.928028089634225,-79.35241553718909,markham
416,894,aurora-mccowan,44.03256306422109,-79.3204986874641,whitchurch-stouffville
417,895,woodbine-19thave,43.92202502651611,-79.3764828933364,markham
418,896,hwy48-19th,43.94571113796299,-79.27819586455104,markham
419,897,majormackenzie-mingay,43.90719814790569,-79.27782966406247,markham
420,898,highway27-kingvaughan,43.88409517818437,-79.6486360364527,vaughan
421,899,ninth-14th,43.85985437527167,-79.23001058586819,markham
422,900,hwy11-sherwood,44.089473731641974,-79.50325884852359,east-gwillimbury
423,901,leslie-19th,43.91678738012916,-79.39994895483024,richmond-hill
424,902,bayview-subrisco,43.904126897378994,-79.42246154804192,richmond-hill
425,904,mccowan-19th,43.939603204615274,-79.30180314733481,markham
426,903,14th-reesor,43.86501054321771,-79.20578722239254,markham
427,905,davis-dufferin,44.04333149436159,-79.53028872961433,king-township
428,906,majormackenziew-barons,43.824611632139685,-79.65128910982351,vaughan
429,910,bathurst-queensville,44.12222007375663,-79.52459320450977,east-gwillimbury
430,909,woodbine-metro,44.30169257775078,-79.46591687394326,georgina
431,908,woodbine-baseline,44.28104191944982,-79.46031596409253,georgina
432,911,ravenshoe-victoria,44.25669419618831,-79.18357750263304,georgina
433,912,rutherford-huntington,43.80455119206495,-79.65523425279251,vaughan
434,913,highway27-17thsdrd,43.9575851188584,-79.66611028453347,king-township
435,949,kennedy-vivian,44.06388707954095,-79.35487169613897,whitchurch-stouffville
436,67,16th-elm,43.85554901750574,-79.42134912888596,richmond-hill
437,327,leslie-stjohnssdrd,44.02907184703607,-79.42279061201702,aurora
438,147,davis-keele,44.0378486395366,-79.55621352054159,king-township
439,583,aur-well-bath,43.994045668683945,-79.49429758273564,aurora
440,632,stjohnssdrd-bayview,44.02359186786258,-79.44793963002148,aurora
